Date,Daily_Demand
1/1/2018,13
1/2/2018,11
1/3/2018,14
1/4/2018,13
1/5/2018,10
1/6/2018,12
1/7/2018,10
1/8/2018,9
1/9/2018,12
1/10/2018,9
1/11/2018,9
1/12/2018,7
1/13/2018,10
1/14/2018,12
1/15/2018,5
1/16/2018,7
1/17/2018,16
1/18/2018,7
1/19/2018,18
1/20/2018,15
1/21/2018,8
1/22/2018,7
1/23/2018,9
1/24/2018,8
1/25/2018,14
1/26/2018,12
1/27/2018,12
1/28/2018,11
1/29/2018,6
1/30/2018,9
1/31/2018,13
2/1/2018,11
2/2/2018,21
2/3/2018,15
2/4/2018,14
2/5/2018,9
2/6/2018,10
2/7/2018,13
2/8/2018,11
2/9/2018,14
2/10/2018,11
2/11/2018,16
2/12/2018,11
2/13/2018,14
2/14/2018,10
2/15/2018,11
2/16/2018,7
2/17/2018,11
2/18/2018,10
2/19/2018,10
2/20/2018,7
2/21/2018,13
2/22/2018,12
2/23/2018,15
2/24/2018,11
2/25/2018,7
2/26/2018,9
2/27/2018,9
2/28/2018,10
3/1/2018,15
3/2/2018,13
3/3/2018,20
3/4/2018,14
3/5/2018,13
3/6/2018,17
3/7/2018,11
3/8/2018,15
3/9/2018,16
3/10/2018,11
3/11/2018,18
3/12/2018,14
3/13/2018,13
3/14/2018,10
3/15/2018,14
3/16/2018,10
3/17/2018,22
3/18/2018,11
3/19/2018,19
3/20/2018,14
3/21/2018,17
3/22/2018,21
3/23/2018,21
3/24/2018,19
3/25/2018,13
3/26/2018,16
3/27/2018,11
3/28/2018,13
3/29/2018,17
3/30/2018,19
3/31/2018,20
4/1/2018,11
4/2/2018,19
4/3/2018,24
4/4/2018,18
4/5/2018,19
4/6/2018,23
4/7/2018,17
4/8/2018,19
4/9/2018,13
4/10/2018,19
4/11/2018,16
4/12/2018,18
4/13/2018,17
4/14/2018,26
4/15/2018,14
4/16/2018,9
4/17/2018,17
4/18/2018,21
4/19/2018,22
4/20/2018,22
4/21/2018,20
4/22/2018,13
4/23/2018,11
4/24/2018,13
4/25/2018,14
4/26/2018,20
4/27/2018,22
4/28/2018,19
4/29/2018,11
4/30/2018,15
5/1/2018,16
5/2/2018,23
5/3/2018,22
5/4/2018,20
5/5/2018,14
5/6/2018,14
5/7/2018,15
5/8/2018,14
5/9/2018,11
5/10/2018,16
5/11/2018,19
5/12/2018,13
5/13/2018,9
5/14/2018,13
5/15/2018,16
5/16/2018,15
5/17/2018,16
5/18/2018,20
5/19/2018,19
5/20/2018,14
5/21/2018,24
5/22/2018,23
5/23/2018,14
5/24/2018,24
5/25/2018,25
5/26/2018,27
5/27/2018,7
5/28/2018,12
5/29/2018,10
5/30/2018,19
5/31/2018,27
6/1/2018,26
6/2/2018,22
6/3/2018,12
6/4/2018,15
6/5/2018,24
6/6/2018,9
6/7/2018,21
6/8/2018,20
6/9/2018,38
6/10/2018,20
6/11/2018,18
6/12/2018,22
6/13/2018,21
6/14/2018,22
6/15/2018,26
6/16/2018,23
6/17/2018,13
6/18/2018,21
6/19/2018,18
6/20/2018,24
6/21/2018,19
6/22/2018,23
6/23/2018,24
6/24/2018,17
6/25/2018,21
6/26/2018,21
6/27/2018,26
6/28/2018,17
6/29/2018,20
6/30/2018,24
7/1/2018,23
7/2/2018,17
7/3/2018,12
7/4/2018,24
7/5/2018,17
7/6/2018,16
7/7/2018,34
7/8/2018,20
7/9/2018,23
7/10/2018,14
7/11/2018,25
7/12/2018,29
7/13/2018,22
7/14/2018,29
7/15/2018,18
7/16/2018,12
7/17/2018,16
7/18/2018,21
7/19/2018,25
7/20/2018,25
7/21/2018,26
7/22/2018,18
7/23/2018,17
7/24/2018,21
7/25/2018,21
7/26/2018,31
7/27/2018,19
7/28/2018,25
7/29/2018,8
7/30/2018,26
7/31/2018,27
8/1/2018,21
8/2/2018,19
8/3/2018,24
8/4/2018,26
8/5/2018,17
8/6/2018,10
8/7/2018,25
8/8/2018,20
8/9/2018,19
8/10/2018,22
8/11/2018,25
8/12/2018,10
8/13/2018,11
8/14/2018,19
8/15/2018,22
8/16/2018,15
8/17/2018,29
8/18/2018,27
8/19/2018,11
8/20/2018,15
8/21/2018,20
8/22/2018,20
8/23/2018,19
8/24/2018,19
8/25/2018,23
8/26/2018,11
8/27/2018,16
8/28/2018,20
8/29/2018,14
8/30/2018,20
8/31/2018,25
9/1/2018,25
9/2/2018,10
9/3/2018,16
9/4/2018,10
9/5/2018,16
9/6/2018,20
9/7/2018,20
9/8/2018,19
9/9/2018,15
9/10/2018,17
9/11/2018,26
9/12/2018,14
9/13/2018,16
9/14/2018,27
9/15/2018,14
9/16/2018,16
9/17/2018,20
9/18/2018,18
9/19/2018,16
9/20/2018,11
9/21/2018,13
9/22/2018,16
9/23/2018,18
9/24/2018,14
9/25/2018,17
9/26/2018,20
9/27/2018,22
9/28/2018,13
9/29/2018,20
9/30/2018,20
10/1/2018,12
10/2/2018,11
10/3/2018,14
10/4/2018,14
10/5/2018,14
10/6/2018,20
10/7/2018,13
10/8/2018,13
10/9/2018,14
10/10/2018,20
10/11/2018,17
10/12/2018,17
10/13/2018,20
10/14/2018,15
10/15/2018,15
10/16/2018,15
10/17/2018,10
10/18/2018,10
10/19/2018,18
10/20/2018,25
10/21/2018,13
10/22/2018,11
10/23/2018,16
10/24/2018,17
10/25/2018,18
10/26/2018,19
10/27/2018,14
10/28/2018,11
10/29/2018,17
10/30/2018,20
10/31/2018,21
11/1/2018,20
11/2/2018,24
11/3/2018,19
11/4/2018,12
11/5/2018,20
11/6/2018,16
11/7/2018,17
11/8/2018,22
11/9/2018,18
11/10/2018,23
11/11/2018,16
11/12/2018,20
11/13/2018,20
11/14/2018,9
11/15/2018,18
11/16/2018,13
11/17/2018,17
11/18/2018,17
11/19/2018,18
11/20/2018,17
11/21/2018,16
11/22/2018,17
11/23/2018,31
11/24/2018,20
11/25/2018,16
11/26/2018,25
11/27/2018,25
11/28/2018,17
11/29/2018,19
11/30/2018,30
12/1/2018,16
12/2/2018,8
12/3/2018,21
12/4/2018,6
12/5/2018,13
12/6/2018,15
12/7/2018,17
12/8/2018,17
12/9/2018,8
12/10/2018,14
12/11/2018,7
12/12/2018,5
12/13/2018,13
12/14/2018,16
12/15/2018,15
12/16/2018,15
12/17/2018,8
12/18/2018,18
12/19/2018,7
12/20/2018,13
12/21/2018,11
12/22/2018,9
12/23/2018,8
12/24/2018,17
12/25/2018,6
12/26/2018,16
12/27/2018,18
12/28/2018,17
12/29/2018,14
12/30/2018,5
12/31/2018,15
1/1/2019,9
1/2/2019,14
1/3/2019,11
1/4/2019,20
1/5/2019,17
1/6/2019,14
1/7/2019,11
1/8/2019,12
1/9/2019,17
1/10/2019,12
1/11/2019,17
1/12/2019,12
1/13/2019,12
1/14/2019,17
1/15/2019,17
1/16/2019,15
1/17/2019,18
1/18/2019,15
1/19/2019,12
1/20/2019,6
1/21/2019,7
1/22/2019,21
1/23/2019,18
1/24/2019,18
1/25/2019,21
1/26/2019,16
1/27/2019,8
1/28/2019,6
1/29/2019,13
1/30/2019,11
1/31/2019,18
2/1/2019,13
2/2/2019,16
2/3/2019,10
2/4/2019,9
2/5/2019,21
2/6/2019,17
2/7/2019,15
2/8/2019,15
2/9/2019,18
2/10/2019,10
2/11/2019,10
2/12/2019,9
2/13/2019,22
2/14/2019,20
2/15/2019,20
2/16/2019,13
2/17/2019,11
2/18/2019,11
2/19/2019,16
2/20/2019,19
2/21/2019,16
2/22/2019,17
2/23/2019,13
2/24/2019,7
2/25/2019,14
2/26/2019,17
2/27/2019,10
2/28/2019,16
3/1/2019,20
3/2/2019,15
3/3/2019,12
3/4/2019,11
3/5/2019,18
3/6/2019,19
3/7/2019,21
3/8/2019,14
3/9/2019,21
3/10/2019,13
3/11/2019,14
3/12/2019,24
3/13/2019,17
3/14/2019,16
3/15/2019,22
3/16/2019,31
3/17/2019,19
3/18/2019,17
3/19/2019,24
3/20/2019,21
3/21/2019,18
3/22/2019,20
3/23/2019,25
3/24/2019,4
3/25/2019,15
3/26/2019,17
3/27/2019,17
3/28/2019,16
3/29/2019,18
3/30/2019,15
3/31/2019,15
4/1/2019,19
4/2/2019,11
4/3/2019,16
4/4/2019,17
4/5/2019,21
4/6/2019,26
4/7/2019,19
4/8/2019,19
4/9/2019,20
4/10/2019,18
4/11/2019,23
4/12/2019,19
4/13/2019,22
4/14/2019,20
4/15/2019,22
4/16/2019,20
4/17/2019,18
4/18/2019,20
4/19/2019,22
4/20/2019,22
4/21/2019,17
4/22/2019,12
4/23/2019,16
4/24/2019,25
4/25/2019,22
4/26/2019,21
4/27/2019,20
4/28/2019,15
4/29/2019,18
4/30/2019,13
5/1/2019,22
5/2/2019,19
5/3/2019,22
5/4/2019,23
5/5/2019,21
5/6/2019,19
5/7/2019,21
5/8/2019,15
5/9/2019,18
5/10/2019,16
5/11/2019,27
5/12/2019,16
5/13/2019,22
5/14/2019,21
5/15/2019,22
5/16/2019,23
5/17/2019,18
5/18/2019,36
5/19/2019,12
5/20/2019,23
5/21/2019,16
5/22/2019,25
5/23/2019,28
5/24/2019,25
5/25/2019,20
5/26/2019,15
5/27/2019,13
5/28/2019,13
5/29/2019,20
5/30/2019,29
5/31/2019,31
6/1/2019,24
6/2/2019,16
6/3/2019,23
6/4/2019,20
6/5/2019,24
6/6/2019,23
6/7/2019,27
6/8/2019,29
6/9/2019,18
6/10/2019,14
6/11/2019,22
6/12/2019,22
6/13/2019,25
6/14/2019,29
6/15/2019,33
6/16/2019,25
6/17/2019,32
6/18/2019,20
6/19/2019,22
6/20/2019,19
6/21/2019,26
6/22/2019,37
6/23/2019,19
6/24/2019,24
6/25/2019,21
6/26/2019,18
6/27/2019,29
6/28/2019,34
6/29/2019,19
6/30/2019,16
7/1/2019,16
7/2/2019,24
7/3/2019,25
7/4/2019,28
7/5/2019,25
7/6/2019,34
7/7/2019,16
7/8/2019,25
7/9/2019,27
7/10/2019,23
7/11/2019,25
7/12/2019,22
7/13/2019,24
7/14/2019,21
7/15/2019,24
7/16/2019,17
7/17/2019,26
7/18/2019,25
7/19/2019,31
7/20/2019,26
7/21/2019,21
7/22/2019,30
7/23/2019,19
7/24/2019,26
7/25/2019,24
7/26/2019,29
7/27/2019,35
7/28/2019,11
7/29/2019,19
7/30/2019,25
7/31/2019,23
8/1/2019,12
8/2/2019,23
8/3/2019,27
8/4/2019,20
8/5/2019,19
8/6/2019,25
8/7/2019,21
8/8/2019,27
8/9/2019,27
8/10/2019,22
8/11/2019,22
8/12/2019,20
8/13/2019,11
8/14/2019,17
8/15/2019,21
8/16/2019,20
8/17/2019,31
8/18/2019,25
8/19/2019,15
8/20/2019,21
8/21/2019,20
8/22/2019,21
8/23/2019,26
8/24/2019,26
8/25/2019,12
8/26/2019,25
8/27/2019,21
8/28/2019,19
8/29/2019,17
8/30/2019,30
8/31/2019,28
9/1/2019,16
9/2/2019,15
9/3/2019,22
9/4/2019,26
9/5/2019,27
9/6/2019,21
9/7/2019,25
9/8/2019,12
9/9/2019,22
9/10/2019,16
9/11/2019,15
9/12/2019,25
9/13/2019,17
9/14/2019,26
9/15/2019,12
9/16/2019,15
9/17/2019,17
9/18/2019,18
9/19/2019,21
9/20/2019,21
9/21/2019,20
9/22/2019,15
9/23/2019,20
9/24/2019,14
9/25/2019,17
9/26/2019,23
9/27/2019,13
9/28/2019,22
9/29/2019,18
9/30/2019,15
10/1/2019,12
10/2/2019,15
10/3/2019,24
10/4/2019,27
10/5/2019,33
10/6/2019,9
10/7/2019,10
10/8/2019,25
10/9/2019,18
10/10/2019,19
10/11/2019,28
10/12/2019,29
10/13/2019,6
10/14/2019,20
10/15/2019,21
10/16/2019,17
10/17/2019,18
10/18/2019,22
10/19/2019,13
10/20/2019,8
10/21/2019,19
10/22/2019,14
10/23/2019,18
10/24/2019,17
10/25/2019,21
10/26/2019,22
10/27/2019,15
10/28/2019,12
10/29/2019,11
10/30/2019,12
10/31/2019,20
11/1/2019,17
11/2/2019,33
11/3/2019,16
11/4/2019,16
11/5/2019,15
11/6/2019,22
11/7/2019,22
11/8/2019,12
11/9/2019,28
11/10/2019,16
11/11/2019,12
11/12/2019,18
11/13/2019,18
11/14/2019,25
11/15/2019,24
11/16/2019,18
11/17/2019,17
11/18/2019,18
11/19/2019,19
11/20/2019,17
11/21/2019,28
11/22/2019,20
11/23/2019,29
11/24/2019,18
11/25/2019,19
11/26/2019,23
11/27/2019,23
11/28/2019,24
11/29/2019,28
11/30/2019,24
12/1/2019,10
12/2/2019,17
12/3/2019,9
12/4/2019,10
12/5/2019,14
12/6/2019,16
12/7/2019,11
12/8/2019,13
12/9/2019,13
12/10/2019,14
12/11/2019,12
12/12/2019,10
12/13/2019,16
12/14/2019,13
12/15/2019,14
12/16/2019,11
12/17/2019,15
12/18/2019,10
12/19/2019,11
12/20/2019,19
12/21/2019,18
12/22/2019,8
12/23/2019,13
12/24/2019,16
12/25/2019,20
12/26/2019,12
12/27/2019,15
12/28/2019,17
12/29/2019,9
12/30/2019,11
12/31/2019,12
1/1/2020,11
1/2/2020,19
1/3/2020,16
1/4/2020,14
1/5/2020,14
1/6/2020,9
1/7/2020,13
1/8/2020,18
1/9/2020,18
1/10/2020,17
1/11/2020,19
1/12/2020,9
1/13/2020,9
1/14/2020,15
1/15/2020,10
1/16/2020,15
1/17/2020,16
1/18/2020,15
1/19/2020,12
1/20/2020,12
1/21/2020,10
1/22/2020,8
1/23/2020,14
1/24/2020,20
1/25/2020,19
1/26/2020,12
1/27/2020,13
1/28/2020,13
1/29/2020,7
1/30/2020,12
1/31/2020,19
2/1/2020,17
2/2/2020,6
2/3/2020,10
2/4/2020,8
2/5/2020,18
2/6/2020,13
2/7/2020,13
2/8/2020,18
2/9/2020,12
2/10/2020,15
2/11/2020,19
2/12/2020,15
2/13/2020,13
2/14/2020,11
2/15/2020,18
2/16/2020,14
2/17/2020,16
2/18/2020,16
2/19/2020,11
2/20/2020,10
2/21/2020,19
2/22/2020,24
2/23/2020,9
2/24/2020,8
2/25/2020,13
2/26/2020,18
2/27/2020,17
2/28/2020,18
3/1/2020,18
3/2/2020,17
3/3/2020,14
3/4/2020,19
3/5/2020,10
3/6/2020,17
3/7/2020,16
3/8/2020,13
3/9/2020,13
3/10/2020,23
3/11/2020,21
3/12/2020,24
3/13/2020,25
3/14/2020,15
3/15/2020,20
3/16/2020,13
3/17/2020,15
3/18/2020,16
3/19/2020,17
3/20/2020,31
3/21/2020,25
3/22/2020,23
3/23/2020,16
3/24/2020,18
3/25/2020,13
3/26/2020,10
3/27/2020,16
3/28/2020,12
3/29/2020,25
3/30/2020,19
3/31/2020,18
4/1/2020,24
4/2/2020,20
4/3/2020,27
4/4/2020,26
4/5/2020,20
4/6/2020,20
4/7/2020,19
4/8/2020,17
4/9/2020,20
4/10/2020,24
4/11/2020,17
4/12/2020,21
4/13/2020,14
4/14/2020,26
4/15/2020,26
4/16/2020,20
4/17/2020,22
4/18/2020,23
4/19/2020,24
4/20/2020,17
4/21/2020,25
4/22/2020,19
4/23/2020,17
4/24/2020,11
4/25/2020,29
4/26/2020,30
4/27/2020,22
4/28/2020,27
4/29/2020,18
4/30/2020,27
5/1/2020,20
5/2/2020,22
5/3/2020,33
5/4/2020,14
5/5/2020,25
5/6/2020,13
5/7/2020,23
5/8/2020,22
5/9/2020,29
5/10/2020,29
5/11/2020,24
5/12/2020,21
5/13/2020,14
5/14/2020,17
5/15/2020,27
5/16/2020,31
5/17/2020,27
5/18/2020,11
5/19/2020,28
5/20/2020,17
5/21/2020,27
5/22/2020,22
5/23/2020,24
5/24/2020,27
5/25/2020,19
5/26/2020,19
5/27/2020,22
5/28/2020,23
5/29/2020,18
5/30/2020,36
5/31/2020,27
6/1/2020,23
6/2/2020,15
6/3/2020,23
6/4/2020,25
6/5/2020,18
6/6/2020,43
6/7/2020,22
6/8/2020,18
6/9/2020,19
6/10/2020,22
6/11/2020,29
6/12/2020,23
6/13/2020,28
6/14/2020,30
6/15/2020,19
6/16/2020,17
6/17/2020,28
6/18/2020,29
6/19/2020,20
6/20/2020,30
6/21/2020,34
6/22/2020,14
6/23/2020,27
6/24/2020,26
6/25/2020,21
6/26/2020,30
6/27/2020,31
6/28/2020,35
6/29/2020,26
6/30/2020,23
7/1/2020,21
7/2/2020,26
7/3/2020,30
7/4/2020,40
7/5/2020,30
7/6/2020,20
7/7/2020,24
7/8/2020,21
7/9/2020,33
7/10/2020,26
7/11/2020,30
7/12/2020,19
7/13/2020,22
7/14/2020,19
7/15/2020,20
7/16/2020,41
7/17/2020,31
7/18/2020,38
7/19/2020,38
7/20/2020,22
7/21/2020,29
7/22/2020,27
7/23/2020,17
7/24/2020,29
7/25/2020,34
7/26/2020,38
7/27/2020,13
7/28/2020,27
7/29/2020,26
7/30/2020,22
7/31/2020,29
8/1/2020,28
8/2/2020,19
8/3/2020,20
8/4/2020,26
8/5/2020,20
8/6/2020,25
8/7/2020,22
8/8/2020,19
8/9/2020,33
8/10/2020,14
8/11/2020,16
8/12/2020,24
8/13/2020,25
8/14/2020,23
8/15/2020,26
8/16/2020,27
8/17/2020,14
8/18/2020,18
8/19/2020,24
8/20/2020,17
8/21/2020,29
8/22/2020,22
8/23/2020,19
8/24/2020,19
8/25/2020,22
8/26/2020,26
8/27/2020,23
8/28/2020,25
8/29/2020,36
8/30/2020,25
8/31/2020,20
9/1/2020,27
9/2/2020,22
9/3/2020,16
9/4/2020,16
9/5/2020,34
9/6/2020,25
9/7/2020,17
9/8/2020,25
9/9/2020,13
9/10/2020,25
9/11/2020,28
9/12/2020,24
9/13/2020,28
9/14/2020,22
9/15/2020,21
9/16/2020,23
9/17/2020,19
9/18/2020,16
9/19/2020,40
9/20/2020,28
9/21/2020,18
9/22/2020,20
9/23/2020,22
9/24/2020,28
9/25/2020,20
9/26/2020,20
9/27/2020,32
9/28/2020,15
9/29/2020,19
9/30/2020,15
10/1/2020,25
10/2/2020,12
10/3/2020,20
10/4/2020,22
10/5/2020,13
10/6/2020,14
10/7/2020,19
10/8/2020,21
10/9/2020,27
10/10/2020,22
10/11/2020,25
10/12/2020,12
10/13/2020,24
10/14/2020,26
10/15/2020,19
10/16/2020,23
10/17/2020,22
10/18/2020,25
10/19/2020,19
10/20/2020,21
10/21/2020,24
10/22/2020,17
10/23/2020,28
10/24/2020,24
10/25/2020,33
10/26/2020,18
10/27/2020,18
10/28/2020,8
10/29/2020,17
10/30/2020,19
10/31/2020,30
11/1/2020,26
11/2/2020,16
11/3/2020,25
11/4/2020,26
11/5/2020,21
11/6/2020,24
11/7/2020,25
11/8/2020,25
11/9/2020,16
11/10/2020,15
11/11/2020,24
11/12/2020,19
11/13/2020,21
11/14/2020,37
11/15/2020,31
11/16/2020,14
11/17/2020,19
11/18/2020,30
11/19/2020,26
11/20/2020,27
11/21/2020,22
11/22/2020,30
11/23/2020,21
11/24/2020,20
11/25/2020,16
11/26/2020,19
11/27/2020,33
11/28/2020,24
11/29/2020,27
11/30/2020,5
12/1/2020,13
12/2/2020,12
12/3/2020,14
12/4/2020,29
12/5/2020,12
12/6/2020,14
12/7/2020,14
12/8/2020,13
12/9/2020,18
12/10/2020,14
12/11/2020,21
12/12/2020,23
12/13/2020,14
12/14/2020,10
12/15/2020,12
12/16/2020,19
12/17/2020,9
12/18/2020,19
12/19/2020,21
12/20/2020,17
12/21/2020,10
12/22/2020,13
12/23/2020,14
12/24/2020,7
12/25/2020,19
12/26/2020,13
12/27/2020,17
12/28/2020,4
12/29/2020,12
12/30/2020,15
12/31/2020,18
1/1/2021,21
1/2/2021,13
1/3/2021,12
1/4/2021,12
1/5/2021,12
1/6/2021,16
1/7/2021,12
1/8/2021,12
1/9/2021,16
1/10/2021,26
1/11/2021,7
1/12/2021,13
1/13/2021,9
1/14/2021,18
1/15/2021,13
1/16/2021,8
1/17/2021,13
1/18/2021,7
1/19/2021,17
1/20/2021,13
1/21/2021,12
1/22/2021,15
1/23/2021,23
1/24/2021,21
1/25/2021,15
1/26/2021,18
1/27/2021,14
1/28/2021,17
1/29/2021,16
1/30/2021,14
1/31/2021,14
2/1/2021,16
2/2/2021,16
2/3/2021,19
2/4/2021,9
2/5/2021,14
2/6/2021,14
2/7/2021,18
2/8/2021,12
2/9/2021,14
2/10/2021,16
2/11/2021,14
2/12/2021,15
2/13/2021,10
2/14/2021,23
2/15/2021,8
2/16/2021,19
2/17/2021,29
2/18/2021,17
2/19/2021,18
2/20/2021,18
2/21/2021,21
2/22/2021,16
2/23/2021,16
2/24/2021,10
2/25/2021,12
2/26/2021,9
2/27/2021,21
2/28/2021,12
3/1/2021,14
3/1/2021,16
3/2/2021,17
3/3/2021,20
3/4/2021,17
3/5/2021,17
3/6/2021,22
3/7/2021,17
3/8/2021,9
3/9/2021,18
3/10/2021,15
3/11/2021,22
3/12/2021,17
3/13/2021,23
3/14/2021,13
3/15/2021,11
3/16/2021,23
3/17/2021,19
3/18/2021,21
3/19/2021,25
3/20/2021,25
3/21/2021,22
3/22/2021,17
3/23/2021,19
3/24/2021,18
3/25/2021,27
3/26/2021,22
3/27/2021,28
3/28/2021,16
3/29/2021,22
3/30/2021,14
3/31/2021,17
4/1/2021,32
4/2/2021,24
4/3/2021,29
4/4/2021,18
4/5/2021,20
4/6/2021,25
4/7/2021,18
4/8/2021,23
4/9/2021,22
4/10/2021,36
4/11/2021,18
4/12/2021,30
4/13/2021,24
4/14/2021,22
4/15/2021,23
4/16/2021,22
4/17/2021,18
4/18/2021,23
4/19/2021,23
4/20/2021,18
4/21/2021,20
4/22/2021,22
4/23/2021,23
4/24/2021,26
4/25/2021,15
4/26/2021,20
4/27/2021,19
4/28/2021,21
4/29/2021,30
4/30/2021,30
5/1/2021,30
5/2/2021,18
5/3/2021,29
5/4/2021,24
5/5/2021,17
5/6/2021,23
5/7/2021,23
5/8/2021,26
5/9/2021,18
5/10/2021,29
5/11/2021,21
5/12/2021,19
5/13/2021,26
5/14/2021,30
5/15/2021,39
5/16/2021,13
5/17/2021,25
5/18/2021,33
5/19/2021,26
5/20/2021,28
5/21/2021,35
5/22/2021,32
5/23/2021,22
5/24/2021,26
5/25/2021,29
5/26/2021,17
5/27/2021,26
5/28/2021,33
5/29/2021,29
5/30/2021,18
5/31/2021,18
6/1/2021,24
6/2/2021,25
6/3/2021,38
6/4/2021,28
6/5/2021,35
6/6/2021,23
6/7/2021,22
6/8/2021,22
6/9/2021,24
6/10/2021,34
6/11/2021,31
6/12/2021,22
6/13/2021,22
6/14/2021,25
6/15/2021,22
6/16/2021,30
6/17/2021,22
6/18/2021,27
6/19/2021,28
6/20/2021,15
6/21/2021,25
6/22/2021,25
6/23/2021,23
6/24/2021,31
6/25/2021,31
6/26/2021,32
6/27/2021,26
6/28/2021,28
6/29/2021,25
6/30/2021,25
7/1/2021,42
7/2/2021,32
7/3/2021,35
7/4/2021,18
7/5/2021,31
7/6/2021,22
7/7/2021,33
7/8/2021,34
7/9/2021,35
7/10/2021,28
7/11/2021,18
7/12/2021,27
7/13/2021,30
7/14/2021,22
7/15/2021,33
7/16/2021,34
7/17/2021,37
7/18/2021,24
7/19/2021,25
7/20/2021,22
7/21/2021,34
7/22/2021,26
7/23/2021,34
7/24/2021,25
7/25/2021,21
7/26/2021,24
7/27/2021,28
7/28/2021,30
7/29/2021,30
7/30/2021,38
7/31/2021,31
8/1/2021,21
8/2/2021,22
8/3/2021,28
8/4/2021,34
8/5/2021,24
8/6/2021,20
8/7/2021,31
8/8/2021,11
8/9/2021,26
8/10/2021,21
8/11/2021,23
8/12/2021,16
8/13/2021,27
8/14/2021,36
8/15/2021,24
8/16/2021,15
8/17/2021,25
8/18/2021,26
8/19/2021,29
8/20/2021,30
8/21/2021,22
8/22/2021,15
8/23/2021,24
8/24/2021,32
8/25/2021,17
8/26/2021,25
8/27/2021,24
8/28/2021,34
8/29/2021,14
8/30/2021,14
8/31/2021,17
9/1/2021,18
9/2/2021,20
9/3/2021,31
9/4/2021,25
9/5/2021,32
9/6/2021,28
9/7/2021,18
9/8/2021,28
9/9/2021,26
9/10/2021,25
9/11/2021,24
9/12/2021,24
9/13/2021,24
9/14/2021,19
9/15/2021,20
9/16/2021,19
9/17/2021,19
9/18/2021,27
9/19/2021,19
9/20/2021,23
9/21/2021,25
9/22/2021,25
9/23/2021,24
9/24/2021,26
9/25/2021,27
9/26/2021,17
9/27/2021,18
9/28/2021,27
9/29/2021,28
9/30/2021,23
10/1/2021,25
10/2/2021,26
10/3/2021,20
10/4/2021,28
10/5/2021,17
10/6/2021,22
10/7/2021,19
10/8/2021,24
10/9/2021,29
10/10/2021,18
10/11/2021,18
10/12/2021,16
10/13/2021,16
10/14/2021,32
10/15/2021,32
10/16/2021,26
10/17/2021,20
10/18/2021,21
10/19/2021,20
10/20/2021,30
10/21/2021,25
10/22/2021,26
10/23/2021,21
10/24/2021,16
10/25/2021,13
10/26/2021,16
10/27/2021,25
10/28/2021,18
10/29/2021,23
10/30/2021,33
10/31/2021,24
11/1/2021,22
11/2/2021,23
11/3/2021,23
11/4/2021,22
11/5/2021,29
11/6/2021,18
11/7/2021,17
11/8/2021,19
11/9/2021,22
11/10/2021,18
11/11/2021,26
11/12/2021,26
11/13/2021,36
11/14/2021,17
11/15/2021,22
11/16/2021,20
11/17/2021,19
11/18/2021,21
11/19/2021,36
11/20/2021,22
11/21/2021,14
11/22/2021,18
11/23/2021,20
11/24/2021,18
11/25/2021,26
11/26/2021,20
11/27/2021,20
11/28/2021,22
11/29/2021,27
11/30/2021,19
12/1/2021,13
12/2/2021,11
12/3/2021,19
12/4/2021,24
12/5/2021,13
12/6/2021,10
12/7/2021,17
12/8/2021,15
12/9/2021,7
12/10/2021,12
12/11/2021,20
12/12/2021,12
12/13/2021,23
12/14/2021,12
12/15/2021,10
12/16/2021,15
12/17/2021,19
12/18/2021,22
12/19/2021,17
12/20/2021,18
12/21/2021,12
12/22/2021,20
12/23/2021,21
12/24/2021,13
12/25/2021,20
12/26/2021,16
12/27/2021,10
12/28/2021,16
12/29/2021,21
12/30/2021,24
12/31/2021,14
1/1/2022,19
1/2/2022,15
1/3/2022,10
1/4/2022,16
1/5/2022,14
1/6/2022,24
1/7/2022,14
1/8/2022,20
1/9/2022,18
1/10/2022,11
1/11/2022,14
1/12/2022,17
1/13/2022,7
1/14/2022,16
1/15/2022,29
1/16/2022,15
1/17/2022,14
1/18/2022,10
1/19/2022,16
1/20/2022,22
1/21/2022,13
1/22/2022,21
1/23/2022,9
1/24/2022,18
1/25/2022,14
1/26/2022,13
1/27/2022,10
1/28/2022,16
1/29/2022,24
1/30/2022,9
1/31/2022,17
2/1/2022,15
2/2/2022,17
2/3/2022,24
2/4/2022,25
2/5/2022,25
2/6/2022,16
2/7/2022,12
2/8/2022,20
2/9/2022,16
2/10/2022,16
2/11/2022,18
2/12/2022,19
2/13/2022,11
2/14/2022,15
2/15/2022,22
2/16/2022,11
2/17/2022,17
2/18/2022,22
2/19/2022,18
2/20/2022,5
2/21/2022,14
2/22/2022,12
2/23/2022,26
2/24/2022,15
2/25/2022,16
2/26/2022,28
2/27/2022,12
2/28/2022,20
3/1/2022,16
3/2/2022,23
3/3/2022,22
3/4/2022,13
3/5/2022,25
3/6/2022,11
3/7/2022,14
3/8/2022,17
3/9/2022,16
3/10/2022,18
3/11/2022,15
3/12/2022,21
3/13/2022,14
3/14/2022,24
3/15/2022,22
3/16/2022,23
3/17/2022,17
3/18/2022,20
3/19/2022,25
3/20/2022,14
3/21/2022,13
3/22/2022,23
3/23/2022,18
3/24/2022,19
3/25/2022,20
3/26/2022,17
3/27/2022,21
3/28/2022,13
3/29/2022,12
3/30/2022,22
3/31/2022,13
4/1/2022,26
4/2/2022,21
4/3/2022,17
4/4/2022,22
4/5/2022,21
4/6/2022,25
4/7/2022,25
4/8/2022,23
4/9/2022,20
4/10/2022,19
4/11/2022,21
4/12/2022,17
4/13/2022,25
4/14/2022,15
4/15/2022,20
4/16/2022,32
4/17/2022,13
4/18/2022,21
4/19/2022,19
4/20/2022,26
4/21/2022,27
4/22/2022,19
4/23/2022,22
4/24/2022,17
4/25/2022,26
4/26/2022,22
4/27/2022,26
4/28/2022,25
4/29/2022,32
4/30/2022,33
5/1/2022,15
5/2/2022,21
5/3/2022,29
5/4/2022,19
5/5/2022,28
5/6/2022,34
5/7/2022,31
5/8/2022,24
5/9/2022,32
5/10/2022,17
5/11/2022,18
5/12/2022,26
5/13/2022,25
5/14/2022,32
5/15/2022,17
5/16/2022,24
5/17/2022,16
5/18/2022,32
5/19/2022,35
5/20/2022,34
5/21/2022,25
5/22/2022,20
5/23/2022,15
5/24/2022,30
5/25/2022,22
5/26/2022,24
5/27/2022,35
5/28/2022,33
5/29/2022,23
5/30/2022,17
5/31/2022,20
6/1/2022,29
6/2/2022,25
6/3/2022,36
6/4/2022,27
6/5/2022,22
6/6/2022,22
6/7/2022,29
6/8/2022,26
6/9/2022,16
6/10/2022,41
6/11/2022,28
6/12/2022,23
6/13/2022,26
6/14/2022,32
6/15/2022,30
6/16/2022,26
6/17/2022,31
6/18/2022,38
6/19/2022,30
6/20/2022,22
6/21/2022,26
6/22/2022,24
6/23/2022,26
6/24/2022,30
6/25/2022,26
6/26/2022,21
6/27/2022,32
6/28/2022,50
6/29/2022,28
6/30/2022,28
7/1/2022,31
7/2/2022,38
7/3/2022,18
7/4/2022,23
7/5/2022,23
7/6/2022,31
7/7/2022,32
7/8/2022,27
7/9/2022,32
7/10/2022,16
7/11/2022,23
7/12/2022,29
7/13/2022,22
7/14/2022,38
7/15/2022,40
7/16/2022,36
7/17/2022,20
7/18/2022,26
7/19/2022,24
7/20/2022,37
7/21/2022,27
7/22/2022,35
7/23/2022,32
7/24/2022,27
7/25/2022,20
7/26/2022,28
7/27/2022,35
7/28/2022,25
7/29/2022,30
7/30/2022,26
7/31/2022,22
8/1/2022,18
8/2/2022,19
8/3/2022,25
8/4/2022,26
8/5/2022,35
8/6/2022,29
8/7/2022,20
8/8/2022,28
8/9/2022,28
8/10/2022,31
8/11/2022,25
8/12/2022,32
8/13/2022,32
8/14/2022,26
8/15/2022,18
8/16/2022,24
8/17/2022,21
8/18/2022,35
8/19/2022,29
8/20/2022,27
8/21/2022,19
8/22/2022,28
8/23/2022,26
8/24/2022,15
8/25/2022,30
8/26/2022,38
8/27/2022,26
8/28/2022,15
8/29/2022,21
8/30/2022,22
8/31/2022,26
9/1/2022,38
9/2/2022,26
9/3/2022,23
9/4/2022,12
9/5/2022,26
9/6/2022,24
9/7/2022,29
9/8/2022,28
9/9/2022,28
9/10/2022,30
9/11/2022,16
9/12/2022,20
9/13/2022,13
9/14/2022,26
9/15/2022,28
9/16/2022,27
9/17/2022,30
9/18/2022,22
9/19/2022,21
9/20/2022,20
9/21/2022,20
9/22/2022,28
9/23/2022,37
9/24/2022,24
9/25/2022,14
9/26/2022,18
9/27/2022,27
9/28/2022,23
9/29/2022,28
9/30/2022,30
10/1/2022,21
10/2/2022,12
10/3/2022,18
10/4/2022,15
10/5/2022,20
10/6/2022,19
10/7/2022,22
10/8/2022,19
10/9/2022,9
10/10/2022,23
10/11/2022,14
10/12/2022,24
10/13/2022,23
10/14/2022,26
10/15/2022,28
10/16/2022,19
10/17/2022,17
10/18/2022,15
10/19/2022,26
10/20/2022,22
10/21/2022,26
10/22/2022,32
10/23/2022,20
10/24/2022,23
10/25/2022,22
10/26/2022,28
10/27/2022,20
10/28/2022,22
10/29/2022,29
10/30/2022,22
10/31/2022,24
11/1/2022,16
11/2/2022,21
11/3/2022,18
11/4/2022,34
11/5/2022,23
11/6/2022,17
11/7/2022,23
11/8/2022,14
11/9/2022,21
11/10/2022,19
11/11/2022,24
11/12/2022,27
11/13/2022,22
11/14/2022,16
11/15/2022,19
11/16/2022,22
11/17/2022,25
11/18/2022,31
11/19/2022,32
11/20/2022,21
11/21/2022,29
11/22/2022,27
11/23/2022,25
11/24/2022,22
11/25/2022,29
11/26/2022,24
11/27/2022,10
11/28/2022,14
11/29/2022,28
11/30/2022,15
12/1/2022,19
12/2/2022,16
12/3/2022,31
12/4/2022,7
12/5/2022,20
12/6/2022,17
12/7/2022,18
12/8/2022,17
12/9/2022,27
12/10/2022,20
12/11/2022,20
12/12/2022,13
12/13/2022,17
12/14/2022,14
12/15/2022,16
12/16/2022,15
12/17/2022,22
12/18/2022,19
12/19/2022,7
12/20/2022,16
12/21/2022,12
12/22/2022,6
12/23/2022,18
12/24/2022,19
12/25/2022,13
12/26/2022,16
12/27/2022,14
12/28/2022,19
12/29/2022,15
12/30/2022,27
12/31/2022,23
